[
  {
    "baseType": 3,
    "name": "imageUrl",
    "defaultValue": "",
    "description": "",
    "helpText": "",
    "isSystem": false,
    "minLength": 0,
    "maxLength": 1000,
    "validationRegex": "",
    "isValidate": false,
    "uuid": "31bc4953-e9f0-428b-9cfd-6f788f950774"
  },
  {
    "baseType": 3,
    "name": "ruleId",
    "defaultValue": "",
    "description": "",
    "helpText": "",
    "isSystem": false,
    "minLength": 0,
    "maxLength": 1000,
    "validationRegex": "",
    "isValidate": false,
    "uuid": "6db475be-6b6d-4148-a24f-959acba2b8ee"
  },
  {
    "baseType": 3,
    "name": "ruleName",
    "defaultValue": "",
    "description": "",
    "helpText": "",
    "isSystem": false,
    "minLength": 0,
    "maxLength": 1000,
    "validationRegex": "",
    "isValidate": false,
    "uuid": "e6149ec6-345c-4c8e-ad32-832c547ce548"
  },
  {
    "baseType": 3,
    "name": "ruleUrl",
    "defaultValue": "",
    "description": "",
    "helpText": "",
    "isSystem": false,
    "minLength": 0,
    "maxLength": 1000,
    "validationRegex": "",
    "isValidate": false,
    "uuid": "7bc04827-72c5-4de1-8195-1ca26d7deb1d"
  },
  {
    "baseType": 3,
    "name": "state",
    "defaultValue": "",
    "description": "",
    "helpText": "",
    "isSystem": false,
    "minLength": 0,
    "maxLength": 1000,
    "validationRegex": "",
    "isValidate": false,
    "uuid": "be3eb7b4-2378-41ac-98dc-45fd5feb4182"
  },
  {
    "baseType": 3,
    "name": "tags",
    "defaultValue": "",
    "description": "",
    "helpText": "",
    "isSystem": false,
    "minLength": 0,
    "maxLength": 1000,
    "validationRegex": "",
    "isValidate": false,
    "uuid": "c7ee234a-0a29-4424-bce0-d4ce2a6b5186"
  },
  {
    "baseType": 3,
    "name": "title",
    "defaultValue": "",
    "description": "",
    "helpText": "",
    "isSystem": false,
    "minLength": 0,
    "maxLength": 1000,
    "validationRegex": "",
    "isValidate": false,
    "uuid": "f56a346f-d0dc-4806-af2a-75db56c67250"
  }
]