{
  "name": "Grafana Alert",
  "form": "d1651922-b0d9-48b3-b194-f6f3fc7a70a8",
  "blocks": [
    {
      "id": "7978e693-738f-4b13-b34f-961f39c5722a",
      "label": "Acknowledge",
      "environment": "HOSTED",
      "presentation": "{}",
      "step": "a7db7759-a103-46a9-b9b9-b8f280cf8491",
      "stepType": "INTEGRATION"
    },
    {
      "id": "ab6f9a54-0ca0-4ade-94ef-9ad4d7bf1e7d",
      "label": "Escalate",
      "environment": "HOSTED",
      "presentation": "{}",
      "step": "18895343-87e5-417c-adfb-bd1923da352d",
      "stepType": "INTEGRATION"
    },
    {
      "id": "e5ad4aa3-59c3-4010-8c11-4cfbefac3757",
      "label": "Events found?",
      "environment": "HOSTED",
      "presentation": "{\"w\":60,\"x\":910,\"h\":60,\"y\":646}",
      "stepType": "SWITCH",
      "inputMappings": [
        {
          "inputPort": "input",
          "mapping": "${d6ee405e-0a43-41af-9c0b-f71e462a7e6c.Number of Event IDs Returned}"
        }
      ],
      "switchCases": [
        {
          "caseId": "da9263ca-6794-45f0-83c1-2e447d9cc977",
          "caseValue": "0"
        }
      ]
    },
    {
      "id": "d6ee405e-0a43-41af-9c0b-f71e462a7e6c",
      "label": "Get Events",
      "environment": "HOSTED",
      "presentation": "{\"w\":60,\"x\":678,\"h\":60,\"y\":631}",
      "step": "f36cf6ba-2225-5cb3-831f-030a05527c72",
      "stepType": "SCRIPT_STEP",
      "inputMappings": [
        {
          "inputPort": "input",
          "mapping": "ACTIVE",
          "stepInput": "fa86536b-3508-56de-884b-503596bd64c2"
        },
        {
          "inputPort": "input",
          "mapping": "ruleId#en",
          "stepInput": "72cd05cc-dfe2-5933-b85c-edcf1df9f56f"
        },
        {
          "inputPort": "input",
          "mapping": "${39401bce-295e-4ccf-a0fe-4dba81495e07.ruleId}",
          "stepInput": "b58893a5-ffaf-502d-982b-613dcd7b2232"
        },
        {
          "inputPort": "input",
          "mapping": "TRUE",
          "stepInput": "3bb89cc9-b89f-5291-9c54-1da7bc6c051a"
        }
      ]
    },
    {
      "id": "bb50efcc-e209-45f6-995d-802d7a590889",
      "label": "Grafana Alert - Do Nothing Trigger",
      "environment": "HOSTED",
      "presentation": "{\"w\":60,\"x\":0,\"h\":60,\"y\":0}",
      "step": "e2f2921d-b30a-4d7f-9a69-e990814279a9",
      "stepType": "INTEGRATION"
    },
    {
      "id": "39401bce-295e-4ccf-a0fe-4dba81495e07",
      "label": "Grafana Alert - Inbound from Grafana",
      "environment": "HOSTED",
      "presentation": "{\"w\":60,\"x\":313,\"h\":60,\"y\":331}",
      "step": "8810b41e-011c-48ed-a6fb-6eb98e7538ee",
      "stepType": "INTEGRATION"
    },
    {
      "id": "a24c7f42-8cc1-4942-ae03-68aba710baa6",
      "endpoint": "Grafana",
      "label": "Grafana Alerts",
      "environment": "HOSTED",
      "presentation": "{\"w\":60,\"x\":170,\"h\":60,\"y\":0}",
      "step": "a9aba4c7-0a13-4652-888b-a0ae44c2ba05",
      "stepType": "SCRIPT_STEP",
      "inputMappings": [
        {
          "inputPort": "input",
          "mapping": "1",
          "stepInput": "82e58377-afd7-4e7b-b93e-bc9ceb3ec6af"
        },
        {
          "inputPort": "input",
          "mapping": "false",
          "stepInput": "37094f68-978a-4e5d-ae73-3f7e47a69389"
        }
      ]
    },
    {
      "id": "ac6fcd8a-2b37-4342-bc0f-1639271e40d3",
      "endpoint": "Grafana",
      "label": "Grafana Alerts",
      "environment": "HOSTED",
      "presentation": "{\"w\":60,\"x\":725,\"h\":60,\"y\":1766}",
      "step": "a9aba4c7-0a13-4652-888b-a0ae44c2ba05",
      "stepType": "SCRIPT_STEP",
      "inputMappings": [
        {
          "inputPort": "input",
          "mapping": "${event.properties.ruleId}",
          "stepInput": "82e58377-afd7-4e7b-b93e-bc9ceb3ec6af"
        },
        {
          "inputPort": "input",
          "mapping": "true",
          "stepInput": "37094f68-978a-4e5d-ae73-3f7e47a69389"
        }
      ]
    },
    {
      "id": "5cbdb87b-cfeb-49ca-859e-064bd5e24097",
      "endpoint": "Grafana",
      "label": "Grafana Alerts",
      "environment": "HOSTED",
      "presentation": "{\"w\":60,\"x\":725,\"h\":60,\"y\":1923}",
      "step": "a9aba4c7-0a13-4652-888b-a0ae44c2ba05",
      "stepType": "SCRIPT_STEP",
      "inputMappings": [
        {
          "inputPort": "input",
          "mapping": "${event.properties.ruleId}",
          "stepInput": "82e58377-afd7-4e7b-b93e-bc9ceb3ec6af"
        },
        {
          "inputPort": "input",
          "mapping": "false",
          "stepInput": "37094f68-978a-4e5d-ae73-3f7e47a69389"
        }
      ]
    },
    {
      "id": "faf0b0cb-a94f-48f4-b74b-5ac47fc8ccd4",
      "label": "Pause Alert",
      "environment": "HOSTED",
      "presentation": "{}",
      "step": "b840faec-ccbe-471f-beee-a2362b7a762f",
      "stepType": "INTEGRATION"
    },
    {
      "id": "db2db986-7784-48b0-a826-b19e5388606c",
      "label": "Responses",
      "environment": "HOSTED",
      "presentation": "{\"w\":100,\"x\":516,\"h\":50,\"y\":1299}",
      "stepType": "RESPONSES"
    },
    {
      "id": "c682e263-7f34-4c5a-ad78-943577d01618",
      "label": "Switch",
      "environment": "HOSTED",
      "presentation": "{\"w\":60,\"x\":494,\"h\":60,\"y\":346}",
      "stepType": "SWITCH",
      "inputMappings": [
        {
          "inputPort": "input",
          "mapping": "${39401bce-295e-4ccf-a0fe-4dba81495e07.state}"
        }
      ],
      "switchCases": [
        {
          "caseId": "2403ecdb-eec5-46d7-adf0-66708cd32243",
          "caseValue": "alerting"
        },
        {
          "caseId": "fb30a2f7-81f6-4b5a-9a29-ec85ce09a580",
          "caseValue": "ok"
        }
      ]
    },
    {
      "id": "1bebaa7a-74de-41a6-b7b4-e2717bf56214",
      "label": "Terminate Events",
      "environment": "HOSTED",
      "presentation": "{\"w\":60,\"x\":1168,\"h\":60,\"y\":931}",
      "step": "798e3053-b4b4-5e8c-ba84-8a11c3be6237",
      "stepType": "SCRIPT_STEP",
      "inputMappings": [
        {
          "inputPort": "input",
          "mapping": "${d6ee405e-0a43-41af-9c0b-f71e462a7e6c.Event IDs}",
          "stepInput": "4fdf2591-4925-5682-8911-f0163d7f98dd"
        }
      ]
    },
    {
      "id": "e01a669e-f1b9-4686-905c-97795e2010e1",
      "label": "Unpause Alert",
      "environment": "HOSTED",
      "presentation": "{}",
      "step": "7c383067-3fc8-4af5-95f1-88339790701d",
      "stepType": "INTEGRATION"
    },
    {
      "id": "500e8ed7-371f-4026-8687-c428cca19847",
      "label": "xMatters Create Event - Grafana Alert",
      "environment": "HOSTED",
      "presentation": "{\"w\":60,\"x\":672,\"h\":60,\"y\":481}",
      "step": "d1651922-b0d9-48b3-b194-f6f3fc7a70a8",
      "stepType": "CREATE_EVENT",
      "inputMappings": [
        {
          "inputPort": "input",
          "mapping": "${39401bce-295e-4ccf-a0fe-4dba81495e07.title}",
          "sectionItemKey": "f56a346f-d0dc-4806-af2a-75db56c67250"
        },
        {
          "inputPort": "input",
          "mapping": "ipugh,tdepuy",
          "sectionItemKey": "recipients"
        },
        {
          "inputPort": "input",
          "mapping": "${39401bce-295e-4ccf-a0fe-4dba81495e07.ruleId}",
          "sectionItemKey": "6db475be-6b6d-4148-a24f-959acba2b8ee"
        },
        {
          "inputPort": "input",
          "mapping": "${39401bce-295e-4ccf-a0fe-4dba81495e07.state}",
          "sectionItemKey": "be3eb7b4-2378-41ac-98dc-45fd5feb4182"
        },
        {
          "inputPort": "input",
          "mapping": "${39401bce-295e-4ccf-a0fe-4dba81495e07.ruleName}",
          "sectionItemKey": "e6149ec6-345c-4c8e-ad32-832c547ce548"
        },
        {
          "inputPort": "input",
          "mapping": "${39401bce-295e-4ccf-a0fe-4dba81495e07.imageUrl}",
          "sectionItemKey": "31bc4953-e9f0-428b-9cfd-6f788f950774"
        },
        {
          "inputPort": "input",
          "mapping": "${39401bce-295e-4ccf-a0fe-4dba81495e07.tags}",
          "sectionItemKey": "c7ee234a-0a29-4424-bce0-d4ce2a6b5186"
        },
        {
          "inputPort": "input",
          "mapping": "${39401bce-295e-4ccf-a0fe-4dba81495e07.ruleUrl}",
          "sectionItemKey": "7bc04827-72c5-4de1-8195-1ca26d7deb1d"
        }
      ]
    }
  ],
  "edges": [
    {
      "fromBlock": "bb50efcc-e209-45f6-995d-802d7a590889",
      "fromPort": "output",
      "toBlock": "a24c7f42-8cc1-4942-ae03-68aba710baa6",
      "toPort": "input"
    },
    {
      "fromBlock": "c682e263-7f34-4c5a-ad78-943577d01618",
      "fromPort": "fb30a2f7-81f6-4b5a-9a29-ec85ce09a580",
      "toBlock": "d6ee405e-0a43-41af-9c0b-f71e462a7e6c",
      "toPort": "input"
    },
    {
      "fromBlock": "c682e263-7f34-4c5a-ad78-943577d01618",
      "fromPort": "2403ecdb-eec5-46d7-adf0-66708cd32243",
      "toBlock": "500e8ed7-371f-4026-8687-c428cca19847",
      "toPort": "input"
    },
    {
      "fromBlock": "d6ee405e-0a43-41af-9c0b-f71e462a7e6c",
      "fromPort": "output",
      "toBlock": "e5ad4aa3-59c3-4010-8c11-4cfbefac3757",
      "toPort": "input"
    },
    {
      "fromBlock": "e01a669e-f1b9-4686-905c-97795e2010e1",
      "fromPort": "output",
      "toBlock": "5cbdb87b-cfeb-49ca-859e-064bd5e24097",
      "toPort": "input"
    },
    {
      "fromBlock": "e5ad4aa3-59c3-4010-8c11-4cfbefac3757",
      "fromPort": "output",
      "toBlock": "1bebaa7a-74de-41a6-b7b4-e2717bf56214",
      "toPort": "input"
    },
    {
      "fromBlock": "faf0b0cb-a94f-48f4-b74b-5ac47fc8ccd4",
      "fromPort": "output",
      "toBlock": "ac6fcd8a-2b37-4342-bc0f-1639271e40d3",
      "toPort": "input"
    },
    {
      "fromBlock": "39401bce-295e-4ccf-a0fe-4dba81495e07",
      "fromPort": "output",
      "toBlock": "c682e263-7f34-4c5a-ad78-943577d01618",
      "toPort": "input"
    }
  ]
}