{
  "integrations": [
    {
      "id": "1105eab5-a506-43f3-972c-30fadb3728d5",
      "name": "Inbound from Grafana",
      "action": "CREATE_EVENT",
      "type": "INBOUND_WEBHOOK",
      "deployed": true,
      "form": "6cfbde7a-5501-4826-92df-d7c00a372c38",
      "script": "\n \nvar payload = JSON.parse(request.body); \n\nif (!payload.evalMatches || payload.evalMatches.length === 0) {\n   console.log( 'Ignoring this trigger due to evalMatches being empty' );\n   return;\n}\n\n\n/** Customize form properties **/\ntrigger.properties.Title    = payload.title;\ntrigger.properties.State    = payload.state;\ntrigger.properties.ruleId   = payload.ruleId;\ntrigger.properties.ruleName = payload.ruleName;\ntrigger.properties.ruleUrl  = payload.ruleUrl;\n\nvar messagevalue  = payload.evalMatches[0].value;\nvar messagemetric = payload.evalMatches[0].metric;\n\n\ntrigger.properties.Message = payload.message + '\\n' + 'Value: ' + messagevalue + ' ' + 'Metric: ' + messagemetric;\n\nform.post(trigger);\n\n",
      "environment": "HOSTED",
      "authType": "ANY",
      "createdBy": "IB"
    },
    {
      "id": "5d3e2932-7104-4f87-aa88-8c02ee3d4d3c",
      "name": "Outbound Responses",
      "action": "RUN_SCRIPT",
      "type": "OUTBOUND_WEBHOOK",
      "triggeredBy": "RESPONSE",
      "deployed": true,
      "form": "6cfbde7a-5501-4826-92df-d7c00a372c38",
      "script": "\nvar Grafana = require('Grafana');\n\nvar payload = JSON.parse(request.body);\n\n\nif (payload.eventProperties && Array.isArray(payload.eventProperties)) {\n    var eventProperties = payload.eventProperties;\n    payload.eventProperties = {};\n\n    for (var i = 0; i < eventProperties.length; i++) {\n        var eventProperty = eventProperties[i];\n        var key = Object.keys(eventProperty)[0];\n        payload.eventProperties[key] = eventProperty[key];\n    }\n}\n\nvar ruleid = payload.eventProperties.ruleId;\n\nif (payload.response.toLowerCase() == \"pause alert\"){\n\n     Grafana.grafanaRequest(true, ruleid);\n}\nelse if (payload.response.toLowerCase() == \"resume alert\"){\n    Grafana.grafanaRequest(false, ruleid);\n}\n \n\n\n",
      "environment": "HOSTED",
      "authType": "NONE",
      "createdBy": "IB"
    }
  ],
  "endpoints": [
    {
      "name": "Grafana",
      "baseUrl": "https://acme.grafana.net",
      "type": "EXTERNAL",
      "authentication": "NO_AUTH"
    }
  ],
  "constants": [
    {
      "name": "Grafana Token",
      "description": "The Bearer token for authenticating in Grafana"
    }
  ]
}