{
  "integrations": [
    {
      "id": "a7db7759-a103-46a9-b9b9-b8f280cf8491",
      "name": "Grafana Alert - Acknowledge",
      "action": "RUN_SCRIPT",
      "type": "OUTBOUND_WEBHOOK",
      "triggeredBy": "RESPONSE",
      "responseChoice": "Acknowledge",
      "deployed": true,
      "form": "d1651922-b0d9-48b3-b194-f6f3fc7a70a8",
      "environment": "HOSTED",
      "authType": "NONE",
      "createdBy": "FLOW"
    },
    {
      "id": "18895343-87e5-417c-adfb-bd1923da352d",
      "name": "Grafana Alert - Escalate",
      "action": "RUN_SCRIPT",
      "type": "OUTBOUND_WEBHOOK",
      "triggeredBy": "RESPONSE",
      "responseChoice": "Escalate",
      "deployed": true,
      "form": "d1651922-b0d9-48b3-b194-f6f3fc7a70a8",
      "environment": "HOSTED",
      "authType": "NONE",
      "createdBy": "FLOW"
    },
    {
      "id": "8810b41e-011c-48ed-a6fb-6eb98e7538ee",
      "name": "Grafana Alert - Inbound from Grafana",
      "action": "RUN_SCRIPT",
      "type": "INBOUND_WEBHOOK",
      "deployed": true,
      "form": "d1651922-b0d9-48b3-b194-f6f3fc7a70a8",
      "environment": "HOSTED",
      "authType": "URL",
      "createdBy": "FLOW",
      "integrationScriptStepUuid": "8ad67245-a6b4-406b-a276-e8fca79825f1"
    },
    {
      "id": "b840faec-ccbe-471f-beee-a2362b7a762f",
      "name": "Grafana Alert - Pause Alert",
      "action": "RUN_SCRIPT",
      "type": "OUTBOUND_WEBHOOK",
      "triggeredBy": "RESPONSE",
      "responseChoice": "Pause Alert",
      "deployed": true,
      "form": "d1651922-b0d9-48b3-b194-f6f3fc7a70a8",
      "environment": "HOSTED",
      "authType": "NONE",
      "createdBy": "FLOW"
    },
    {
      "id": "7c383067-3fc8-4af5-95f1-88339790701d",
      "name": "Grafana Alert - Unpause Alert",
      "action": "RUN_SCRIPT",
      "type": "OUTBOUND_WEBHOOK",
      "triggeredBy": "RESPONSE",
      "responseChoice": "Unpause Alert",
      "deployed": true,
      "form": "d1651922-b0d9-48b3-b194-f6f3fc7a70a8",
      "environment": "HOSTED",
      "authType": "NONE",
      "createdBy": "FLOW"
    }
  ],
  "endpoints": [
    {
      "name": "Grafana",
      "baseUrl": "https://yourinstance.grafana.net",
      "type": "EXTERNAL",
      "authentication": "BASIC"
    }
  ],
  "constants": [
    {
      "name": "Grafana Token",
      "value": "Token Value Here",
      "description": "Token for Grafana"
    }
  ]
}