{
  "integrations": [
    {
      "id": "04990f6f-dd2e-4ea4-bc3d-cf9a67e63428",
      "name": "Inbound from Grafana",
      "action": "CREATE_EVENT",
      "type": "INBOUND_WEBHOOK",
      "deployed": true,
      "form": "87e378f3-dc9f-4037-b572-5333bbdae50e",
      "script": "\n \n var payload = JSON.parse(request.body);  //Use this if the payload is a JSON object in the request body\n\n/** Customize form properties **/\ntrigger.properties.Title = payload.title;\ntrigger.properties.State = payload.state;\ntrigger.properties.ruleId = payload.ruleId;\ntrigger.properties.ruleName = payload.ruleName;\ntrigger.properties.ruleUrl = payload.ruleUrl;\n\nvar messagevalue = payload.evalMatches[0].value;\nvar messagemetric = payload.evalMatches[0].metric;\n\n\ntrigger.properties.Message = payload.message + '\\n' + 'Value: ' + messagevalue + ' ' + 'Metric: ' + messagemetric;\n\nform.post(trigger);\n\n",
      "environment": "HOSTED"
    },
    {
      "id": "5b2b8e09-294c-4789-b068-2491747af813",
      "name": "Outbound Responses",
      "action": "RUN_SCRIPT",
      "type": "OUTBOUND_WEBHOOK",
      "triggeredBy": "RESPONSE",
      "deployed": true,
      "form": "87e378f3-dc9f-4037-b572-5333bbdae50e",
      "script": "\nvar Grafana = require('Grafana');\n\nvar payload = JSON.parse(request.body);\n\n\nif (payload.eventProperties && Array.isArray(payload.eventProperties)) {\n    var eventProperties = payload.eventProperties;\n    payload.eventProperties = {};\n\n    for (var i = 0; i < eventProperties.length; i++) {\n        var eventProperty = eventProperties[i];\n        var key = Object.keys(eventProperty)[0];\n        payload.eventProperties[key] = eventProperty[key];\n    }\n}\n\nvar ruleid = payload.eventProperties.ruleId;\n\nif (payload.response.toLowerCase() == \"pause alert\"){\n\n     Grafana.grafanaRequest(true, ruleid);\n}\nelse if (payload.response.toLowerCase() == \"resume alert\"){\n    Grafana.grafanaRequest(false, ruleid);\n}\n \n\n\n",
      "environment": "HOSTED"
    }
  ],
  "endpoints": [
    {
      "name": "Grafana",
      "baseUrl": "https://dtopham.grafana.net",
      "type": "EXTERNAL",
      "authentication": "NO_AUTH"
    }
  ],
  "constants": []
}