[
  {
    "id": "5e613c64-5af9-4485-8abd-94c0231c9f04",
    "name": "Do Nothing Trigger",
    "description": "Just triggers a flow",
    "icon": "/static/images/script_steps/http-trigger.png",
    "script": "//",
    "endpointLabel": "",
    "allowedEnvironment": "HOSTED",
    "accessibleByAll": "NotShared",
    "scriptStepType": "CUSTOM_HTTP",
    "inputs": [],
    "outputs": [
      {
        "id": "c2d88124-ccdc-40d3-a200-8b03e31348e1",
        "name": "Data",
        "description": "",
        "position": 0
      }
    ],
    "libraries": []
  },
  {
    "id": "a9aba4c7-0a13-4652-888b-a0ae44c2ba05",
    "name": "Grafana Alerts",
    "description": "",
    "icon": "https://s3-xmatters-static.s3.amazonaws.com/null/customers/aa4ff4cd-06da-460c-b2d0-bb34ad66da69/IMAGE__20200220225948964__grafana.png",
    "script": "ruleid = input['ruleid'];\nbooleanvalue = true;\n\nif (input['paused'] === \"true\") {\n    booleanvalue = true;\n} else if (input['paused'] === \"false\") {\n    booleanvalue = false;\n} else {\n    console.log(\"paused value not true or false\");\n    return;\n}\n\nvar grafanaRequest = http.request({\n    'endpoint': 'Grafana',\n    'method': 'POST',\n    'path': '/api/alerts/' + ruleid + '/pause',\n    'headers': {\n        'Content-Type': 'application/json',\n        'Authorization': 'Bearer ' + constants['Grafana Token']\n   }\n});\n\nvar requestBody = {};\nrequestBody.paused = booleanvalue;\n/** Make the request to the external system and verify that it is successful. **/\nvar response = grafanaRequest.write(requestBody);\nif (response.statusCode != 200 ) {\n    console.log('\\nThere was an error updating the external system.\\n');\n    return;\n}",
    "endpointLabel": "Grafana",
    "allowedEnvironment": "HOSTED",
    "accessibleByAll": "NotShared",
    "scriptStepType": "USER",
    "inputs": [
      {
        "id": "82e58377-afd7-4e7b-b93e-bc9ceb3ec6af",
        "name": "ruleid",
        "helpText": "",
        "defaultValue": "",
        "multiline": false,
        "required": true,
        "maxLength": 2000,
        "minLength": 0,
        "position": 0
      },
      {
        "id": "37094f68-978a-4e5d-ae73-3f7e47a69389",
        "name": "paused",
        "helpText": "true or false",
        "multiline": false,
        "required": true,
        "maxLength": 2000,
        "minLength": 0,
        "position": 1
      }
    ],
    "outputs": [],
    "libraries": []
  },
  {
    "id": "8ad67245-a6b4-406b-a276-e8fca79825f1",
    "name": "Inbound from Grafana",
    "description": "",
    "icon": "https://s3-xmatters-static.s3.amazonaws.com/null/customers/aa4ff4cd-06da-460c-b2d0-bb34ad66da69/IMAGE__20200220225948964__grafana.png",
    "script": "var payload = JSON.parse(request.body);\noutput['imageUrl'] = payload['imageUrl'];\noutput['ruleId'] = payload['ruleId'];\noutput['ruleName'] = payload['ruleName'];\noutput['ruleUrl'] = payload['ruleUrl'];\noutput['state'] = payload['state'];\noutput['tags'] = payload['tags'];\noutput['title'] = payload['title'];\nconsole.log(payload);",
    "allowedEnvironment": "HOSTED",
    "accessibleByAll": "NotShared",
    "triggerAuthType": "URL_AUTH",
    "scriptStepType": "CUSTOM_HTTP",
    "inputs": [],
    "outputs": [
      {
        "id": "35e99781-89b0-4fe7-9720-314758682438",
        "name": "imageUrl",
        "position": 0
      },
      {
        "id": "1d40b598-856b-4a22-8151-8c847f90c77c",
        "name": "ruleId",
        "position": 1
      },
      {
        "id": "ca9d0428-6b40-4259-9705-a6ab2d3d1515",
        "name": "ruleName",
        "position": 2
      },
      {
        "id": "448a5abe-c232-42f1-b5bb-865ccbcdb918",
        "name": "ruleUrl",
        "position": 3
      },
      {
        "id": "6f0d72b8-0551-4fb0-9922-45a57347f6e7",
        "name": "state",
        "position": 4
      },
      {
        "id": "a7dba46a-b672-474f-aad0-a9c57cfaf89b",
        "name": "tags",
        "position": 5
      },
      {
        "id": "1fd456c1-d0ba-449a-8ccb-d537a0024017",
        "name": "title",
        "position": 6
      }
    ],
    "libraries": []
  }
]